person_id,name,age,phone_num,vehicle_num,org,location
P0001,Divya Verma,34,9043321819,DL55AB1520,ABC Enterprises,Noida
P0002,Ravi Agarwal,42,9908386379,DL36AB1106,Metro Logistics,Jaipur
P0003,Sahil Kumar,28,9351161559,DL34AB1711,Prime Associates,Lucknow
P0004,Abhishek Patel,35,9184959310,DL85AB4733,North India Transport,Noida
P0005,Manish Verma,55,9647525534,DL90AB2169,Rapid Movers,Gurugram
P0006,Shreya Singh,25,9276483503,DL05AB6168,Global Solutions,Faridabad
P0007,Amit Khanna,48,9953767242,DL32AB9830,North India Transport,Agra
P0008,Nikhil Bansal,59,9653287101,DL20AB3621,Independent,Jaipur
P0009,Aditya Patel,28,9697848018,DL97AB5371,Independent,Meerut
P0010,Karan Patel,30,9270482814,DL82AB9317,Rapid Movers,Ghaziabad
P0011,Aman Yadav,36,9288095701,DL47AB6038,Kumar Finance,Delhi
P0012,Nikhil Bansal 10323,34,9171822782,DL34AB9645,Rapid Movers,Jaipur
P0013,Abhishek Agarwal,58,9346578713,DL29AB2049,Skyline Services,Delhi
P0014,Priya Singh,63,9930103105,DL10AB9423,Kumar Finance,Faridabad
P0015,Neha Singh,43,9829973763,DL13AB2588,Independent,Jaipur
P0016,Deepak Patel,48,9701065133,DL25AB9786,Prime Associates,Gurugram
P0017,Rahul Gupta,52,9731781080,DL12AB4872,Metro Logistics,Jaipur
P0018,Neha Singh 52566,39,9026064746,DL90AB8973,Metro Logistics,Ghaziabad
P0019,Amit Sharma,26,9980500978,DL68AB3579,ABC Enterprises,Lucknow
P0020,Manish Kumar,47,9191361939,DL77AB1651,Rapid Movers,Noida
P0021,Sneha Bansal,25,9985435346,DL17AB5915,Prime Associates,Meerut
P0022,Aarav Mehta,39,9991183842,DL45AB2127,Kumar Finance,Meerut
P0023,Rahul Mehta,30,9849808412,DL34AB2891,Sharma Trading,Lucknow
P0024,Sahil Gupta,21,9935348740,DL12AB7939,North India Transport,Delhi
P0025,Vikram Yadav,44,9242786801,DL10AB3442,City Construction,Delhi
P0026,Anjali Agarwal,43,9262045053,DL88AB5088,Independent,Noida
P0027,Nisha Agarwal,38,9692322602,DL95AB6442,Global Solutions,Ghaziabad
P0028,Rahul Yadav,46,9160733754,DL30AB4652,ABC Enterprises,Ghaziabad
P0029,Vikram Gupta,23,9145868501,DL34AB3925,Rapid Movers,Faridabad
P0030,Arjun Bansal,21,9655698169,DL25AB5173,ABC Enterprises,Jaipur
P0031,Pooja Khanna,63,9835615951,DL93AB5920,City Construction,Faridabad
P0032,Deepak Khan,21,9648236629,DL73AB5930,Global Solutions,Lucknow
P0033,Karan Gupta,39,9369957773,DL66AB8752,Metro Logistics,Noida
P0034,Pooja Chauhan,25,9951343320,DL06AB5011,Prime Associates,Agra
P0035,Akash Patel,50,9936763201,DL55AB4585,Metro Logistics,Lucknow
P0036,Vivaan Agarwal,48,9317278895,DL97AB8251,Rapid Movers,Lucknow
P0037,Saurabh Khanna,25,9872774348,DL63AB4919,North India Transport,Chandigarh
P0038,Riya Gupta,47,9345581223,DL50AB3503,Kumar Finance,Noida
P0039,Deepak Khan 71122,40,9760366909,DL49AB8814,ABC Enterprises,Meerut
P0040,Nisha Patel,63,9688937346,DL63AB1475,Global Solutions,Meerut
P0041,Sneha Yadav,29,9627298069,DL73AB1444,Sharma Trading,Jaipur
P0042,Manish Mehta,37,9204653755,DL98AB7211,North India Transport,Jaipur
P0043,Saurabh Verma,30,9708053100,DL32AB4266,ABC Enterprises,Agra
P0044,Ravi Kumar,27,9719374529,DL78AB2876,Metro Logistics,Faridabad
P0045,Anjali Sharma,28,9496631931,DL90AB5941,Independent,Agra
P0046,Yash Bansal,44,9058651850,DL54AB9031,Sharma Trading,Jaipur
P0047,Divya Khanna,41,9726284987,DL60AB8136,Rapid Movers,Faridabad
P0048,Manish Singh,52,9147379965,DL04AB9098,Skyline Services,Gurugram
P0049,Amit Khan,56,9454948083,DL11AB4954,Global Solutions,Chandigarh
P0050,Nisha Singh,54,9777014363,DL40AB7046,Prime Associates,Lucknow
P0051,Aman Patel,55,9855744431,DL93AB4155,Skyline Services,Noida
P0052,Nisha Pandey,44,9233749894,DL13AB4180,North India Transport,Ghaziabad
P0053,Rahul Gupta 1855,51,9824008427,DL14AB1200,Rapid Movers,Faridabad
P0054,Neha Mehta,57,9520471167,DL10AB1878,Metro Logistics,Gurugram
P0055,Karan Verma,58,9318699938,DL49AB8381,Prime Associates,Faridabad
P0056,Deepak Gupta,25,9990913341,DL21AB4929,Metro Logistics,Lucknow
P0057,Rahul Sharma,37,9679740344,DL90AB8438,Sharma Trading,Ghaziabad
P0058,Yash Yadav,59,9936183242,DL10AB1977,Metro Logistics,Faridabad
P0059,Shreya Malhotra,59,9947174648,DL70AB9090,Prime Associates,Noida
P0060,Vivaan Khanna,32,9659401399,DL03AB5415,Rapid Movers,Delhi
P0061,Neha Agarwal,31,9742967175,DL53AB6460,Skyline Services,Noida
P0062,Vikram Patel,21,9746807154,DL42AB2899,Global Solutions,Lucknow
P0063,Sneha Malhotra,38,9876038597,DL81AB8242,ABC Enterprises,Ghaziabad
P0064,Priya Kumar,26,9477109324,DL71AB1224,City Construction,Jaipur
P0065,Ravi Malhotra,56,9171274846,DL62AB8736,Kumar Finance,Chandigarh
P0066,Rohan Patel,58,9398214658,DL35AB1042,North India Transport,Faridabad
P0067,Anjali Chauhan,65,9727875588,DL49AB8460,Skyline Services,Ghaziabad
P0068,Ravi Bansal,58,9636057662,DL64AB1606,Metro Logistics,Lucknow
P0069,Vikram Malhotra,60,9171870262,DL10AB8692,North India Transport,Meerut
P0070,Riya Patel,35,9158657809,DL09AB4846,Independent,Faridabad
P0071,Shreya Verma,48,9611724005,DL08AB5806,Skyline Services,Meerut
P0072,Rohan Singh,30,9869222196,DL80AB4945,Prime Associates,Agra
P0073,Ravi Mehta,61,9474074821,DL57AB6661,Rapid Movers,Faridabad
P0074,Deepak Pandey,65,9474367136,DL74AB6881,Rapid Movers,Faridabad
P0075,Karan Sharma,60,9640909743,DL78AB6772,Kumar Finance,Ghaziabad
P0076,Sahil Chauhan,32,9210470952,DL12AB5835,Skyline Services,Jaipur
P0077,Amit Kumar,25,9858842474,DL96AB6549,Sharma Trading,Chandigarh
P0078,Rohan Yadav,58,9368516048,DL16AB8451,Skyline Services,Faridabad
P0079,Raj Malhotra,65,9513709859,DL29AB2035,Independent,Chandigarh
P0080,Karan Chauhan,50,9612004711,DL31AB9807,Metro Logistics,Jaipur
P0081,Aman Chauhan,49,9869261796,DL36AB1536,Skyline Services,Ghaziabad
P0082,Akash Singh,62,9515850643,DL16AB8450,Sharma Trading,Ghaziabad
P0083,Divya Bansal,30,9005329318,DL27AB4538,Kumar Finance,Meerut
P0084,Yash Khanna,43,9904228421,DL85AB1422,Metro Logistics,Delhi
P0085,Yash Yadav 31187,44,9950240268,DL15AB2041,Prime Associates,Chandigarh
P0086,Pooja Bansal,46,9178390847,DL83AB1510,ABC Enterprises,Chandigarh
P0087,Deepak Chauhan,56,9177115921,DL17AB5505,Rapid Movers,Agra
P0088,Riya Khan,34,9698478961,DL90AB2874,Independent,Lucknow
P0089,Deepak Mehta,64,9365766156,DL41AB5176,Skyline Services,Gurugram
P0090,Abhishek Mehta,47,9111161528,DL08AB6400,Independent,Noida
P0091,Aman Malhotra,35,9604945198,DL28AB3535,Independent,Chandigarh
P0092,Manish Verma 45891,22,9851493689,DL79AB1430,Rapid Movers,Faridabad
P0093,Rahul Gupta 92105,34,9455022961,DL19AB1502,Sharma Trading,Lucknow
P0094,Raj Patel,24,9752545991,DL07AB3549,Metro Logistics,Agra
P0095,Sneha Verma,48,9476797643,DL97AB9394,Sharma Trading,Meerut
P0096,Arjun Gupta,29,9978403690,DL01AB4349,North India Transport,Ghaziabad
P0097,Nisha Gupta,63,9451076226,DL69AB4770,City Construction,Lucknow
P0098,Yash Khan,39,9160607159,DL55AB7626,Independent,Jaipur
P0099,Arjun Patel,54,9052975161,DL32AB8138,Rapid Movers,Jaipur
P0100,Aditya Patel 40669,36,9535218188,DL25AB6724,Skyline Services,Gurugram
P0101,Arjun Kumar,62,9432921277,DL97AB8354,Independent,Agra
P0102,Divya Bansal 42364,40,9527177449,DL08AB6766,City Construction,Noida
P0103,Akash Mehta,23,9005411998,DL50AB8581,Rapid Movers,Lucknow
P0104,Akash Khanna,62,9935978207,DL14AB6626,Sharma Trading,Lucknow
P0105,Rahul Sharma 32473,24,9778892554,DL50AB7697,Skyline Services,Agra
P0106,Yash Chauhan,63,9515186449,DL20AB6461,Sharma Trading,Agra
P0107,Rohan Khanna,26,9546291486,DL83AB6381,Metro Logistics,Lucknow
P0108,Divya Chauhan,29,9685054235,DL99AB8967,Kumar Finance,Ghaziabad
P0109,Rohan Verma,32,9418880592,DL77AB7172,Metro Logistics,Gurugram
P0110,Saurabh Pandey,36,9927065379,DL37AB8355,Kumar Finance,Lucknow
P0111,Karan Yadav,59,9735977468,DL68AB7859,Metro Logistics,Ghaziabad
P0112,Rohan Malhotra,53,9407581814,DL11AB3626,North India Transport,Chandigarh
P0113,Rohan Malhotra 57341,44,9137506068,DL48AB4862,Global Solutions,Noida
P0114,Ravi Sharma,21,9515220472,DL98AB8685,Prime Associates,Agra
P0115,Nikhil Verma,24,9043289861,DL37AB4893,North India Transport,Noida
P0116,Ravi Patel,48,9971179808,DL74AB4963,Metro Logistics,Faridabad
P0117,Aarav Bansal,56,9539621851,DL68AB9914,City Construction,Lucknow
P0118,Aarav Patel,29,9706540515,DL31AB2698,Rapid Movers,Meerut
P0119,Vivaan Khan,33,9852772217,DL05AB5807,Kumar Finance,Delhi
P0120,Nikhil Sharma,38,9548687403,DL37AB6848,ABC Enterprises,Meerut
P0121,Arjun Yadav,48,9566765277,DL48AB9507,North India Transport,Noida
P0122,Aditya Patel 78965,43,9284511544,DL58AB7981,Metro Logistics,Chandigarh
P0123,Akash Sharma,59,9596401658,DL96AB3621,ABC Enterprises,Gurugram
P0124,Sneha Yadav 57433,44,9021355690,DL78AB3513,Independent,Chandigarh
P0125,Aman Mehta,54,9192856543,DL15AB1424,Metro Logistics,Chandigarh
P0126,Raj Khanna,49,9814473947,DL26AB3009,Metro Logistics,Noida
P0127,Rahul Khanna,35,9715518844,DL21AB3852,Skyline Services,Lucknow
P0128,Arjun Singh,25,9237058957,DL71AB3126,Rapid Movers,Noida
P0129,Karan Patel 93970,43,9786691251,DL58AB8632,Independent,Lucknow
P0130,Rohan Khanna 72261,35,9922680182,DL39AB3697,Metro Logistics,Meerut
P0131,Aman Agarwal,58,9414384249,DL69AB2530,City Construction,Gurugram
P0132,Anjali Kumar,57,9299590010,DL83AB5336,Independent,Ghaziabad
P0133,Deepak Bansal,49,9078447364,DL59AB2195,ABC Enterprises,Gurugram
P0134,Deepak Mehta 60876,27,9359255562,DL98AB7070,City Construction,Lucknow
P0135,Vikram Singh,41,9714732104,DL50AB7850,Kumar Finance,Gurugram
P0136,Abhishek Bansal,50,9532787747,DL03AB2475,Global Solutions,Lucknow
P0137,Ravi Singh,29,9950047974,DL69AB1133,Sharma Trading,Jaipur
P0138,Nikhil Gupta,53,9565060983,DL47AB5728,Sharma Trading,Jaipur
P0139,Akash Yadav,59,9849912165,DL44AB6990,Metro Logistics,Ghaziabad
P0140,Pooja Patel,60,9800025787,DL20AB9446,Metro Logistics,Meerut
P0141,Vikram Kumar,44,9694958887,DL91AB5911,Prime Associates,Delhi
P0142,Vikram Chauhan,51,9169409749,DL74AB4728,ABC Enterprises,Agra
P0143,Rahul Agarwal,47,9962309130,DL57AB6139,Global Solutions,Gurugram
P0144,Riya Singh,41,9689702838,DL42AB8837,City Construction,Jaipur
P0145,Rahul Mehta 69879,39,9585497334,DL72AB5890,Kumar Finance,Faridabad
P0146,Riya Singh 90472,43,9757584419,DL87AB9899,Global Solutions,Jaipur
P0147,Nisha Yadav,56,9240415747,DL28AB4310,City Construction,Faridabad
P0148,Riya Gupta 17993,51,9199330833,DL07AB2641,Global Solutions,Meerut
P0149,Arjun Chauhan,26,9208267734,DL42AB5676,Independent,Delhi
P0150,Divya Bansal 30438,40,9802620672,DL96AB5742,ABC Enterprises,Delhi
P0151,Anjali Bansal,42,9154788728,DL60AB5470,Kumar Finance,Noida
P0152,Rahul Pandey,41,9742054932,DL79AB7643,Global Solutions,Lucknow
P0153,Aditya Patel 87721,40,9122753046,DL31AB8319,North India Transport,Meerut
P0154,Anjali Pandey,40,9904530174,DL21AB7642,Independent,Lucknow
P0155,Riya Verma,51,9459332727,DL96AB7121,Global Solutions,Lucknow
P0156,Nisha Agarwal 87045,53,9339187851,DL73AB2838,ABC Enterprises,Lucknow
P0157,Amit Bansal,24,9822587139,DL63AB2489,City Construction,Chandigarh
P0158,Akash Kumar,58,9867908740,DL51AB5169,ABC Enterprises,Ghaziabad
P0159,Aditya Sharma,44,9651801704,DL53AB3948,Metro Logistics,Jaipur
P0160,Nikhil Patel,35,9766182512,DL69AB7439,City Construction,Gurugram
P0161,Saurabh Sharma,33,9047868633,DL59AB6671,Metro Logistics,Faridabad
P0162,Abhishek Khanna,64,9106903311,DL77AB1550,Prime Associates,Agra
P0163,Riya Malhotra,57,9030673830,DL18AB9255,North India Transport,Ghaziabad
P0164,Vikram Bansal,32,9953428364,DL36AB1998,City Construction,Agra
P0165,Divya Chauhan 55995,55,9870568566,DL20AB5913,Global Solutions,Gurugram
P0166,Neha Singh 29537,34,9427086688,DL18AB7363,Kumar Finance,Faridabad
P0167,Vikram Chauhan 10364,58,9751830469,DL78AB1647,Sharma Trading,Ghaziabad
P0168,Shreya Chauhan,65,9837354033,DL95AB2922,Prime Associates,Ghaziabad
P0169,Kavya Pandey,44,9363854678,DL84AB6886,North India Transport,Faridabad
P0170,Pooja Khanna 65180,37,9717535560,DL73AB4625,Metro Logistics,Delhi
P0171,Priya Khanna,62,9996423536,DL73AB5026,Prime Associates,Lucknow
P0172,Sneha Khan,54,9477725228,DL63AB4015,City Construction,Delhi
P0173,Vivaan Malhotra,24,9100623120,DL28AB9285,Prime Associates,Meerut
P0174,Kavya Chauhan,39,9977008860,DL03AB9673,North India Transport,Lucknow
P0175,Aarav Agarwal,46,9621182339,DL68AB5135,Skyline Services,Faridabad
P0176,Aditya Khan,51,9679334101,DL52AB7213,Global Solutions,Lucknow
P0177,Vivaan Chauhan,51,9021765918,DL06AB4764,Kumar Finance,Agra
P0178,Sahil Sharma,40,9148902503,DL76AB3362,Global Solutions,Noida
P0179,Rahul Bansal,48,9396856218,DL96AB6666,ABC Enterprises,Noida
P0180,Ravi Malhotra 9964,45,9599965047,DL63AB4737,Skyline Services,Lucknow
P0181,Deepak Kumar,45,9961943114,DL20AB7225,Independent,Gurugram
P0182,Vikram Khan,56,9110475412,DL12AB4070,Global Solutions,Chandigarh
P0183,Priya Agarwal,47,9610158199,DL42AB7311,ABC Enterprises,Faridabad
P0184,Raj Yadav,30,9183982622,DL35AB5933,North India Transport,Chandigarh
P0185,Aditya Kumar,33,9646471543,DL93AB9123,Rapid Movers,Agra
P0186,Akash Verma,29,9240659657,DL43AB8055,Independent,Agra
P0187,Karan Khan,38,9937526547,DL74AB4971,Skyline Services,Jaipur
P0188,Saurabh Yadav,39,9651939828,DL04AB8563,Kumar Finance,Chandigarh
P0189,Saurabh Pandey 9065,58,9672434266,DL10AB8357,Rapid Movers,Chandigarh
P0190,Raj Agarwal,31,9868058911,DL99AB5067,Independent,Meerut
P0191,Divya Bansal 5807,65,9965610143,DL66AB9499,City Construction,Agra
P0192,Anjali Singh,26,9756798250,DL62AB2712,North India Transport,Jaipur
P0193,Arjun Malhotra,41,9254573875,DL61AB2599,Prime Associates,Chandigarh
P0194,Aditya Gupta,48,9010512382,DL71AB3623,Skyline Services,Lucknow
P0195,Akash Singh 53091,34,9226609379,DL55AB7370,ABC Enterprises,Ghaziabad
P0196,Sahil Yadav,54,9191825537,DL15AB5298,Independent,Chandigarh
P0197,Divya Khan,60,9969691557,DL80AB3826,Independent,Faridabad
P0198,Anjali Verma,29,9251341252,DL66AB7364,Global Solutions,Agra
P0199,Anjali Patel,60,9627828274,DL18AB4065,Skyline Services,Chandigarh
P0200,Vivaan Malhotra 47060,52,9072368876,DL88AB9056,Global Solutions,Chandigarh
P0201,Rahul Verma,56,9903404384,DL22AB8492,Rapid Movers,Chandigarh
P0202,Pooja Verma,40,9914858078,DL28AB7965,Sharma Trading,Ghaziabad
P0203,Manish Sharma,31,9745171339,DL89AB6744,Rapid Movers,Jaipur
P0204,Kavya Kumar,57,9330958498,DL22AB6302,North India Transport,Faridabad
P0205,Sahil Malhotra,52,9812604223,DL19AB6277,Kumar Finance,Jaipur
P0206,Rohan Bansal,41,9466711684,DL89AB7046,Prime Associates,Chandigarh
P0207,Anjali Sharma 96040,42,9175186363,DL64AB5399,Skyline Services,Faridabad
P0208,Priya Bansal,21,9297500170,DL16AB3588,Prime Associates,Chandigarh
P0209,Deepak Singh,61,9242415415,DL86AB3711,ABC Enterprises,Jaipur
P0210,Karan Pandey,21,9361103712,DL76AB4705,City Construction,Chandigarh
P0211,Aarav Pandey,44,9516271361,DL94AB2678,Sharma Trading,Meerut
P0212,Nikhil Gupta 17974,47,9622189092,DL57AB6753,Kumar Finance,Gurugram
P0213,Kavya Chauhan 57985,62,9311219656,DL41AB3290,Kumar Finance,Faridabad
P0214,Aditya Singh,39,9899940438,DL78AB9348,Kumar Finance,Jaipur
P0215,Divya Sharma,45,9376137918,DL02AB6916,Skyline Services,Gurugram
P0216,Manish Malhotra,23,9965827109,DL09AB1225,North India Transport,Ghaziabad
P0217,Abhishek Sharma,40,9684866618,DL69AB3501,North India Transport,Noida
P0218,Aditya Agarwal,26,9328569146,DL94AB4909,ABC Enterprises,Ghaziabad
P0219,Abhishek Patel 15203,43,9799042102,DL90AB1185,Metro Logistics,Chandigarh
P0220,Pooja Agarwal,57,9425241056,DL35AB9582,Sharma Trading,Faridabad
P0221,Divya Verma 65032,35,9785079252,DL33AB2685,Rapid Movers,Noida
P0222,Shreya Agarwal,35,9000307562,DL23AB1579,City Construction,Jaipur
P0223,Vikram Singh 54560,25,9541951802,DL29AB9450,ABC Enterprises,Jaipur
P0224,Nikhil Mehta,50,9445187053,DL38AB5979,Rapid Movers,Ghaziabad
P0225,Aman Bansal,42,9738320603,DL70AB6675,Independent,Delhi
P0226,Aarav Yadav,35,9641383670,DL19AB5584,Sharma Trading,Delhi
P0227,Nikhil Malhotra,57,9865719182,DL82AB7461,Sharma Trading,Agra
P0228,Vivaan Patel,29,9234456557,DL35AB4827,Sharma Trading,Ghaziabad
P0229,Nisha Yadav 76639,40,9121277561,DL69AB6870,Kumar Finance,Chandigarh
P0230,Akash Gupta,53,9112490352,DL12AB5066,Skyline Services,Jaipur
P0231,Vivaan Chauhan 39170,21,9420678831,DL60AB2669,Metro Logistics,Noida
P0232,Vivaan Malhotra 29136,29,9236519941,DL03AB2056,Kumar Finance,Chandigarh
P0233,Aditya Khanna,32,9510702966,DL64AB1483,Global Solutions,Jaipur
P0234,Aman Singh,56,9244720999,DL32AB5835,Prime Associates,Jaipur
P0235,Neha Sharma,55,9146263838,DL03AB7266,Skyline Services,Chandigarh
P0236,Yash Mehta,24,9598564205,DL77AB4588,ABC Enterprises,Faridabad
P0237,Yash Mehta 69394,45,9593213348,DL95AB1916,Kumar Finance,Agra
P0238,Aman Khanna,52,9223955905,DL73AB3328,Rapid Movers,Ghaziabad
P0239,Priya Gupta,60,9270103930,DL68AB8831,ABC Enterprises,Meerut
P0240,Amit Yadav,44,9252500292,DL15AB9622,Skyline Services,Noida
P0241,Riya Chauhan,32,9691545226,DL82AB8982,Independent,Meerut
P0242,Riya Agarwal,57,9953926442,DL23AB1029,Rapid Movers,Jaipur
P0243,Vivaan Kumar,41,9959391725,DL96AB2274,Kumar Finance,Meerut
P0244,Rahul Chauhan,45,9157043315,DL33AB2770,ABC Enterprises,Delhi
P0245,Akash Pandey,25,9626765861,DL62AB4695,Metro Logistics,Chandigarh
P0246,Yash Malhotra,26,9040541152,DL49AB3636,Sharma Trading,Lucknow
P0247,Vikram Bansal 80432,65,9706296201,DL43AB4367,Kumar Finance,Jaipur
P0248,Priya Pandey,44,9844431069,DL71AB9043,Metro Logistics,Delhi
P0249,Aarav Patel 11486,46,9497310324,DL11AB8758,Sharma Trading,Faridabad
P0250,Neha Mehta 86644,50,9418625652,DL58AB1731,North India Transport,Chandigarh
P0251,Sahil Singh,45,9490211586,DL97AB4727,City Construction,Delhi
P0252,Saurabh Agarwal,54,9687937416,DL92AB1568,City Construction,Agra
P0253,Yash Bansal 88806,33,9921722332,DL06AB7936,Sharma Trading,Jaipur
P0254,Saurabh Chauhan,50,9294511686,DL71AB6343,North India Transport,Lucknow
P0255,Abhishek Malhotra,27,9099861622,DL73AB2641,Sharma Trading,Agra
P0256,Yash Gupta,30,9856467997,DL05AB3821,North India Transport,Jaipur
P0257,Kavya Bansal,38,9606530745,DL03AB6535,North India Transport,Faridabad
P0258,Saurabh Mehta,34,9132475469,DL83AB2462,Kumar Finance,Chandigarh
P0259,Abhishek Malhotra 53369,22,9785082148,DL52AB3222,City Construction,Agra
P0260,Rahul Singh,61,9303070534,DL48AB8605,City Construction,Jaipur
P0261,Abhishek Verma,37,9035797279,DL71AB6730,Skyline Services,Gurugram
P0262,Shreya Malhotra 90290,38,9140602933,DL83AB4688,Independent,Ghaziabad
P0263,Divya Patel,48,9800722903,DL33AB6004,Independent,Faridabad
P0264,Nikhil Patel 45707,56,9743748969,DL14AB1120,City Construction,Meerut
P0265,Divya Bansal 79830,54,9441715454,DL34AB5895,Kumar Finance,Gurugram
P0266,Nisha Singh 7442,57,9965207446,DL52AB7361,ABC Enterprises,Agra
P0267,Saurabh Singh,29,9538758428,DL24AB5813,Sharma Trading,Chandigarh
P0268,Shreya Gupta,39,9825135346,DL43AB7089,North India Transport,Agra
P0269,Akash Malhotra,54,9170999173,DL65AB2963,Independent,Jaipur
P0270,Karan Patel 7087,42,9223569725,DL92AB3954,Sharma Trading,Chandigarh
P0271,Divya Kumar,48,9500743292,DL63AB2442,Metro Logistics,Agra
P0272,Divya Patel 52874,64,9676008350,DL42AB9700,Kumar Finance,Delhi
P0273,Aarav Chauhan,40,9335421689,DL40AB3736,Sharma Trading,Delhi
P0274,Karan Mehta,22,9898562575,DL97AB4087,Metro Logistics,Jaipur
P0275,Ravi Singh 95312,24,9230982150,DL49AB5190,City Construction,Agra
P0276,Kavya Sharma,65,9100167618,DL33AB8772,Metro Logistics,Ghaziabad
P0277,Sneha Chauhan,28,9046184992,DL54AB2718,City Construction,Agra
P0278,Karan Verma 13929,52,9739348356,DL38AB3627,ABC Enterprises,Lucknow
P0279,Abhishek Singh,27,9753001197,DL20AB2475,City Construction,Noida
P0280,Nikhil Gupta 84455,48,9374470120,DL38AB6901,Independent,Meerut
P0281,Shreya Verma 12452,32,9002255794,DL94AB2522,Skyline Services,Meerut
P0282,Arjun Patel 52462,51,9746762120,DL21AB2699,Global Solutions,Agra
P0283,Yash Bansal 88919,23,9729659027,DL63AB2850,Global Solutions,Chandigarh
P0284,Aditya Gupta 85849,51,9508993588,DL89AB2560,Global Solutions,Ghaziabad
P0285,Aman Chauhan 88644,41,9628900287,DL64AB3709,Sharma Trading,Chandigarh
P0286,Ravi Khan,26,9408386631,DL59AB8277,Rapid Movers,Chandigarh
P0287,Manish Mehta 58599,60,9517016608,DL71AB1002,Sharma Trading,Agra
P0288,Divya Gupta,49,9883755037,DL43AB8751,Independent,Meerut
P0289,Arjun Verma,47,9305548851,DL06AB3689,Prime Associates,Gurugram
P0290,Arjun Gupta 80066,28,9331637351,DL97AB7790,ABC Enterprises,Agra
P0291,Nisha Khanna,53,9779827080,DL71AB8091,Rapid Movers,Chandigarh
P0292,Nisha Khanna 23227,38,9922169958,DL50AB7859,Rapid Movers,Ghaziabad
P0293,Raj Khan,60,9472269848,DL41AB4560,Kumar Finance,Ghaziabad
P0294,Riya Gupta 89996,39,9522885158,DL62AB7839,Independent,Lucknow
P0295,Nikhil Malhotra 55364,30,9081062003,DL35AB3636,North India Transport,Faridabad
P0296,Saurabh Sharma 90518,65,9438057198,DL29AB7371,Kumar Finance,Lucknow
P0297,Karan Pandey 87097,58,9066658004,DL26AB8259,Kumar Finance,Meerut
P0298,Priya Pandey 79088,38,9334721228,DL16AB7180,ABC Enterprises,Jaipur
P0299,Priya Gupta 17049,63,9294057202,DL42AB1833,Independent,Agra
P0300,Karan Mehta 75062,55,9851583281,DL65AB3611,Global Solutions,Lucknow
P0301,Raj Verma,28,9533555439,DL68AB8780,City Construction,Delhi
P0302,Sneha Khan 58415,54,9399305616,DL33AB9851,North India Transport,Delhi
P0303,Saurabh Yadav 49147,55,9887704358,DL11AB2572,Metro Logistics,Lucknow
P0304,Aarav Chauhan 8582,26,9336138612,DL04AB8523,Skyline Services,Delhi
P0305,Aditya Sharma 23330,22,9481934667,DL81AB7626,Global Solutions,Meerut
P0306,Raj Chauhan,59,9180919015,DL65AB2738,North India Transport,Faridabad
P0307,Aditya Gupta 57368,40,9660728326,DL70AB5832,Independent,Gurugram
P0308,Sneha Khanna,26,9508821009,DL77AB7456,City Construction,Lucknow
P0309,Karan Singh,63,9536822239,DL33AB4183,Sharma Trading,Gurugram
P0310,Yash Bansal 7129,29,9878141413,DL93AB8982,Skyline Services,Meerut
P0311,Sneha Chauhan 30741,57,9149135775,DL79AB6008,Rapid Movers,Gurugram
P0312,Anjali Khan,51,9562053364,DL47AB3200,Independent,Meerut
P0313,Akash Mehta 47021,25,9478129142,DL69AB4218,North India Transport,Noida
P0314,Nikhil Sharma 66477,44,9099693084,DL70AB9842,Prime Associates,Gurugram
P0315,Raj Singh,60,9942788165,DL65AB1173,Independent,Ghaziabad
P0316,Sneha Kumar,35,9827229927,DL46AB1662,Kumar Finance,Chandigarh
P0317,Aditya Gupta 48423,61,9303856770,DL06AB6309,Sharma Trading,Lucknow
P0318,Saurabh Gupta,45,9498926659,DL84AB2275,City Construction,Faridabad
P0319,Abhishek Singh 67682,53,9655779082,DL57AB3713,Kumar Finance,Noida
P0320,Divya Gupta 27724,51,9222591365,DL93AB2856,Prime Associates,Chandigarh
P0321,Amit Bansal 21135,30,9603029922,DL81AB9399,ABC Enterprises,Agra
P0322,Vivaan Kumar 33851,35,9286990413,DL58AB8723,Prime Associates,Gurugram
P0323,Saurabh Patel,45,9929298425,DL59AB2127,Kumar Finance,Jaipur
P0324,Rohan Verma 2171,28,9388629127,DL79AB1639,City Construction,Lucknow
P0325,Aditya Mehta,51,9298068650,DL90AB9680,Global Solutions,Ghaziabad
P0326,Yash Yadav 49970,47,9599162473,DL11AB5641,Rapid Movers,Lucknow
P0327,Sahil Singh 717,48,9098180635,DL53AB6935,Sharma Trading,Gurugram
P0328,Divya Bansal 33245,56,9486959463,DL53AB8904,Metro Logistics,Meerut
P0329,Priya Mehta,53,9449562137,DL90AB3650,Sharma Trading,Ghaziabad
P0330,Raj Yadav 44360,37,9890260127,DL77AB8133,Sharma Trading,Noida
P0331,Ravi Khan 10491,33,9906698490,DL23AB9099,Prime Associates,Delhi
P0332,Manish Chauhan,62,9843098839,DL22AB1590,Skyline Services,Ghaziabad
P0333,Aarav Kumar,39,9146566938,DL02AB2124,Sharma Trading,Lucknow
P0334,Shreya Malhotra 73285,47,9955439376,DL74AB1076,North India Transport,Gurugram
P0335,Pooja Verma 73221,51,9184518489,DL33AB8254,Global Solutions,Agra
P0336,Nisha Singh 99284,41,9577907141,DL49AB4610,Independent,Ghaziabad
P0337,Deepak Khan 67700,43,9804341651,DL71AB3924,Prime Associates,Meerut
P0338,Amit Khanna 75198,43,9423733343,DL30AB4322,Kumar Finance,Agra
P0339,Rohan Yadav 13984,38,9117908075,DL80AB6167,Prime Associates,Agra
P0340,Neha Kumar,43,9846392086,DL62AB9859,ABC Enterprises,Lucknow
P0341,Raj Malhotra 89960,60,9271875003,DL49AB2650,Skyline Services,Meerut
P0342,Manish Gupta,47,9284347955,DL24AB9171,Global Solutions,Ghaziabad
P0343,Riya Yadav,36,9556472929,DL88AB4744,Sharma Trading,Faridabad
P0344,Priya Patel,52,9632270267,DL18AB9470,City Construction,Meerut
P0345,Karan Gupta 73681,37,9906120347,DL81AB2577,Prime Associates,Meerut
P0346,Aman Khan,43,9884506159,DL26AB9821,Metro Logistics,Faridabad
P0347,Vikram Chauhan 66905,57,9771694722,DL82AB6527,Global Solutions,Agra
P0348,Raj Malhotra 9352,44,9125355449,DL83AB7479,North India Transport,Chandigarh
P0349,Shreya Bansal,46,9876220234,DL96AB2311,Kumar Finance,Gurugram
P0350,Arjun Verma 8362,40,9780068114,DL80AB3544,Sharma Trading,Jaipur
P0351,Ravi Singh 96678,38,9472282005,DL42AB8801,Prime Associates,Lucknow
P0352,Priya Mehta 17710,35,9829979688,DL40AB6688,Prime Associates,Lucknow
P0353,Yash Verma,51,9745642400,DL67AB3233,Skyline Services,Faridabad
P0354,Priya Sharma,56,9774064930,DL71AB7121,Kumar Finance,Jaipur
P0355,Deepak Patel 32755,38,9266341638,DL98AB5454,North India Transport,Lucknow
P0356,Deepak Singh 8974,30,9224179749,DL63AB4076,Skyline Services,Delhi
P0357,Vivaan Agarwal 2901,42,9214427031,DL20AB1241,Prime Associates,Ghaziabad
P0358,Deepak Gupta 65326,33,9570512046,DL10AB9899,Prime Associates,Gurugram
P0359,Nikhil Malhotra 32779,51,9601367303,DL59AB2539,City Construction,Ghaziabad
P0360,Raj Chauhan 40909,28,9520881474,DL26AB6905,ABC Enterprises,Ghaziabad
P0361,Ravi Chauhan,65,9650249163,DL02AB1688,Rapid Movers,Chandigarh
P0362,Kavya Kumar 48680,29,9132719500,DL46AB3521,City Construction,Noida
P0363,Neha Singh 41516,39,9857306524,DL06AB8951,Prime Associates,Lucknow
P0364,Priya Pandey 64238,30,9392855749,DL71AB3627,Sharma Trading,Lucknow
P0365,Akash Gupta 34518,63,9857086209,DL47AB4912,Skyline Services,Noida
P0366,Priya Malhotra,54,9638782945,DL53AB6276,Sharma Trading,Noida
P0367,Sneha Verma 5738,54,9220317310,DL74AB7366,Independent,Chandigarh
P0368,Kavya Pandey 77372,44,9405391037,DL11AB8668,Independent,Delhi
P0369,Priya Pandey 54520,35,9509480141,DL28AB9511,Sharma Trading,Noida
P0370,Priya Patel 24833,65,9383928861,DL99AB6864,Independent,Chandigarh
P0371,Sneha Patel,56,9122868528,DL77AB8258,Skyline Services,Meerut
P0372,Vikram Malhotra 48723,49,9665939836,DL99AB5162,Skyline Services,Chandigarh
P0373,Raj Sharma,65,9049082404,DL29AB4519,Skyline Services,Delhi
P0374,Saurabh Gupta 72570,58,9889921075,DL20AB3267,North India Transport,Meerut
P0375,Ravi Singh 33587,59,9419693157,DL23AB8999,Rapid Movers,Noida
P0376,Divya Gupta 4899,21,9961055661,DL99AB4714,Independent,Agra
P0377,Divya Yadav,24,9604805892,DL42AB9231,Kumar Finance,Gurugram
P0378,Sneha Pandey,26,9679981364,DL51AB3425,Metro Logistics,Meerut
P0379,Neha Bansal,33,9086416862,DL98AB3209,Prime Associates,Lucknow
P0380,Neha Patel,26,9938983314,DL56AB6298,Independent,Agra
P0381,Arjun Chauhan 54210,60,9655355904,DL22AB6729,Rapid Movers,Chandigarh
P0382,Rohan Mehta,42,9033521103,DL80AB3419,North India Transport,Delhi
P0383,Riya Yadav 14586,51,9477053833,DL70AB9573,North India Transport,Lucknow
P0384,Kavya Pandey 18527,62,9069804204,DL26AB5444,ABC Enterprises,Chandigarh
P0385,Aarav Verma,59,9645104636,DL66AB2631,Skyline Services,Chandigarh
P0386,Priya Verma,31,9238780038,DL40AB6465,Prime Associates,Jaipur
P0387,Aarav Khan,42,9554384046,DL04AB5590,Kumar Finance,Gurugram
P0388,Nikhil Patel 86106,42,9216893639,DL20AB7987,North India Transport,Agra
P0389,Akash Agarwal,31,9232983248,DL18AB8046,Metro Logistics,Agra
P0390,Vikram Verma,30,9881252056,DL53AB5970,Prime Associates,Faridabad
P0391,Nisha Singh 13995,43,9220994999,DL30AB4804,Kumar Finance,Delhi
P0392,Aditya Pandey,35,9728975267,DL61AB3253,Metro Logistics,Ghaziabad
P0393,Vivaan Patel 1968,48,9463331279,DL63AB6323,Prime Associates,Ghaziabad
P0394,Raj Yadav 5483,49,9965699988,DL83AB1630,City Construction,Noida
P0395,Akash Malhotra 5560,40,9388608680,DL25AB5770,Prime Associates,Jaipur
P0396,Nisha Malhotra,28,9472649082,DL60AB8400,Sharma Trading,Lucknow
P0397,Rahul Yadav 76736,37,9826657027,DL76AB4308,Prime Associates,Noida
P0398,Vikram Pandey,45,9211175186,DL94AB9383,Rapid Movers,Gurugram
P0399,Priya Patel 5755,61,9259222206,DL40AB6071,Prime Associates,Faridabad
P0400,Rahul Verma 17246,58,9309407778,DL01AB9084,Kumar Finance,Ghaziabad
P0401,Sneha Mehta,30,9767199038,DL36AB4401,ABC Enterprises,Gurugram
P0402,Vivaan Chauhan 45747,64,9020994510,DL14AB7831,Metro Logistics,Gurugram
P0403,Karan Bansal,45,9998279501,DL99AB5903,Skyline Services,Meerut
P0404,Saurabh Verma 99411,65,9681472145,DL68AB7779,City Construction,Ghaziabad
P0405,Amit Bansal 7627,60,9198179469,DL41AB5254,City Construction,Agra
P0406,Aman Khanna 17002,28,9997877293,DL91AB5759,Kumar Finance,Delhi
P0407,Aarav Mehta 81981,65,9139660558,DL82AB4478,ABC Enterprises,Ghaziabad
P0408,Karan Gupta 8892,42,9448850155,DL51AB1477,Metro Logistics,Ghaziabad
P0409,Saurabh Khan,40,9770272785,DL60AB7782,ABC Enterprises,Lucknow
P0410,Anjali Pandey 88893,45,9588039551,DL20AB5595,ABC Enterprises,Meerut
P0411,Divya Agarwal,26,9299629145,DL91AB1518,North India Transport,Jaipur
P0412,Neha Khanna,49,9357438421,DL48AB1612,Kumar Finance,Noida
P0413,Pooja Sharma,34,9782357845,DL19AB2609,City Construction,Gurugram
P0414,Shreya Sharma,54,9768104091,DL43AB8649,ABC Enterprises,Noida
P0415,Nisha Chauhan,63,9409435334,DL36AB9720,Skyline Services,Chandigarh
P0416,Arjun Gupta 19572,38,9241098813,DL70AB6739,City Construction,Meerut
P0417,Rohan Pandey,51,9493214958,DL57AB1831,Metro Logistics,Delhi
P0418,Nikhil Chauhan,40,9016016629,DL76AB8304,Rapid Movers,Meerut
P0419,Vikram Malhotra 25972,35,9817921717,DL40AB8625,Prime Associates,Ghaziabad
P0420,Rohan Malhotra 80864,51,9456255770,DL09AB8787,Sharma Trading,Meerut
P0421,Akash Malhotra 22388,50,9459928161,DL42AB2162,North India Transport,Lucknow
P0422,Raj Bansal,48,9639382761,DL44AB4411,Rapid Movers,Jaipur
P0423,Anjali Yadav,27,9583219719,DL77AB8584,Skyline Services,Lucknow
P0424,Saurabh Mehta 23092,29,9461919657,DL83AB2007,Sharma Trading,Ghaziabad
P0425,Nikhil Bansal 98958,40,9022784699,DL58AB4205,Kumar Finance,Meerut
P0426,Anjali Yadav 89072,56,9465190986,DL17AB5819,ABC Enterprises,Meerut
P0427,Vivaan Sharma,45,9851403696,DL81AB6212,Global Solutions,Jaipur
P0428,Deepak Agarwal,29,9327238656,DL20AB5726,Independent,Gurugram
P0429,Aarav Verma 84986,50,9027621267,DL90AB7974,Rapid Movers,Gurugram
P0430,Pooja Patel 72359,47,9765326909,DL64AB4878,City Construction,Faridabad
P0431,Abhishek Agarwal 75544,38,9500975197,DL89AB2311,Metro Logistics,Lucknow
P0432,Akash Agarwal 10255,21,9891371894,DL79AB1864,Skyline Services,Lucknow
P0433,Neha Mehta 67196,24,9795654420,DL89AB5981,Rapid Movers,Faridabad
P0434,Divya Mehta,38,9929049047,DL11AB3077,City Construction,Noida
P0435,Sahil Kumar 80714,37,9444019292,DL85AB8317,Skyline Services,Gurugram
P0436,Yash Pandey,36,9372805129,DL20AB9125,Global Solutions,Jaipur
P0437,Sneha Mehta 95159,51,9239504102,DL60AB7533,Prime Associates,Faridabad
P0438,Shreya Yadav,64,9836674286,DL02AB5731,Prime Associates,Jaipur
P0439,Vikram Agarwal,46,9018569454,DL35AB2610,North India Transport,Agra
P0440,Akash Yadav 88512,47,9393852580,DL87AB1138,Sharma Trading,Delhi
P0441,Arjun Agarwal,63,9175344300,DL80AB2506,ABC Enterprises,Agra
P0442,Nikhil Malhotra 28420,50,9911192692,DL15AB4018,North India Transport,Faridabad
P0443,Sneha Khanna 9925,37,9746542140,DL49AB7366,Skyline Services,Delhi
P0444,Saurabh Gupta 23322,60,9717396271,DL19AB9857,Global Solutions,Ghaziabad
P0445,Divya Verma 57879,23,9410119470,DL64AB3438,Independent,Delhi
P0446,Sneha Patel 34923,21,9256908776,DL52AB2148,City Construction,Ghaziabad
P0447,Raj Pandey,42,9719855460,DL81AB2485,Skyline Services,Lucknow
P0448,Aditya Malhotra,52,9743280634,DL90AB7391,Sharma Trading,Meerut
P0449,Aditya Khanna 82942,52,9732030937,DL50AB2032,City Construction,Faridabad
P0450,Priya Malhotra 58892,30,9005050613,DL84AB9570,Prime Associates,Lucknow
P0451,Shreya Bansal 30538,61,9102707903,DL90AB3138,ABC Enterprises,Gurugram
P0452,Vivaan Khanna 40284,48,9179291117,DL77AB4613,Sharma Trading,Ghaziabad
P0453,Vikram Yadav 96722,28,9651982530,DL76AB3841,Skyline Services,Noida
P0454,Sahil Kumar 99294,45,9625827390,DL18AB2637,Independent,Agra
P0455,Nisha Kumar,30,9071002194,DL54AB8798,Metro Logistics,Ghaziabad
P0456,Divya Gupta 68563,43,9763290927,DL79AB2442,Independent,Faridabad
P0457,Deepak Sharma,38,9833181958,DL65AB4592,Prime Associates,Ghaziabad
P0458,Vivaan Singh,42,9127722005,DL37AB4433,Global Solutions,Faridabad
P0459,Kavya Yadav,49,9701082207,DL66AB2901,Sharma Trading,Ghaziabad
P0460,Anjali Bansal 42726,35,9635315313,DL95AB7759,Kumar Finance,Jaipur
P0461,Aditya Mehta 76690,61,9706239726,DL48AB3234,Prime Associates,Ghaziabad
P0462,Aman Gupta,42,9352090421,DL60AB8513,Global Solutions,Gurugram
P0463,Ravi Khanna,58,9492929831,DL53AB9548,Prime Associates,Ghaziabad
P0464,Neha Malhotra,47,9740633569,DL29AB3440,Rapid Movers,Delhi
P0465,Vivaan Sharma 61690,65,9806867177,DL31AB2361,City Construction,Delhi
P0466,Shreya Patel,22,9325431074,DL21AB8524,Rapid Movers,Agra
P0467,Akash Mehta 18170,65,9625701658,DL05AB5859,Global Solutions,Faridabad
P0468,Kavya Agarwal,60,9931950850,DL15AB7274,Skyline Services,Chandigarh
P0469,Vivaan Khan 48030,35,9281832538,DL15AB8839,Rapid Movers,Ghaziabad
P0470,Vikram Khan 35044,55,9864015577,DL65AB9629,Sharma Trading,Chandigarh
P0471,Sneha Malhotra 69843,27,9479513711,DL51AB3929,North India Transport,Noida
P0472,Rahul Gupta 14684,49,9272380468,DL17AB8764,Skyline Services,Jaipur
P0473,Shreya Chauhan 2816,63,9431038569,DL44AB6346,Prime Associates,Agra
P0474,Riya Agarwal 71889,30,9774924243,DL62AB7093,North India Transport,Delhi
P0475,Aman Gupta 59760,57,9292842222,DL31AB2915,ABC Enterprises,Meerut
P0476,Rohan Mehta 34133,40,9523805525,DL58AB9845,Metro Logistics,Lucknow
P0477,Arjun Khanna,51,9067275208,DL65AB6427,Independent,Faridabad
P0478,Nikhil Gupta 98850,46,9929751702,DL87AB2914,North India Transport,Delhi
P0479,Kavya Malhotra,22,9375150939,DL68AB4639,North India Transport,Ghaziabad
P0480,Aditya Agarwal 58388,48,9186375998,DL08AB6915,Global Solutions,Gurugram
P0481,Aman Patel 48868,39,9045547813,DL94AB8278,Global Solutions,Chandigarh
P0482,Rahul Yadav 95421,58,9662991234,DL61AB9606,Skyline Services,Noida
P0483,Nisha Patel 11594,56,9064628792,DL26AB4047,Global Solutions,Faridabad
P0484,Neha Sharma 39583,28,9947873002,DL34AB5917,Independent,Chandigarh
P0485,Divya Chauhan 37708,57,9627301471,DL77AB6927,Rapid Movers,Chandigarh
P0486,Deepak Malhotra,50,9471589042,DL75AB1958,Metro Logistics,Meerut
P0487,Nikhil Pandey,53,9252045650,DL38AB5778,City Construction,Noida
P0488,Amit Yadav 82318,58,9219285544,DL88AB6939,Sharma Trading,Lucknow
P0489,Aman Malhotra 18838,35,9028457652,DL14AB4569,Metro Logistics,Lucknow
P0490,Saurabh Singh 73225,40,9988816711,DL17AB1284,Prime Associates,Meerut
P0491,Riya Khan 18221,29,9798524013,DL17AB3332,Kumar Finance,Faridabad
P0492,Amit Kumar 10303,51,9611076031,DL05AB9412,Rapid Movers,Delhi
P0493,Arjun Khanna 33163,22,9014011939,DL26AB4027,Independent,Meerut
P0494,Aditya Kumar 97806,21,9495528938,DL73AB2119,Sharma Trading,Agra
P0495,Pooja Singh,32,9342801387,DL47AB4033,Prime Associates,Noida
P0496,Saurabh Khan 49757,44,9638361517,DL15AB9515,Metro Logistics,Chandigarh
P0497,Riya Gupta 73025,35,9015716479,DL95AB6111,Independent,Chandigarh
P0498,Priya Patel 38089,28,9631752071,DL51AB8177,City Construction,Noida
P0499,Rohan Patel 52511,52,9912153539,DL52AB3011,Kumar Finance,Jaipur
P0500,Sahil Yadav 93520,27,9994657967,DL66AB5569,Metro Logistics,Chandigarh
P0501,Arjun Gupta 64139,30,9732010170,DL23AB7269,Rapid Movers,Meerut
P0502,Karan Bansal 81689,55,9118773477,DL65AB5287,City Construction,Meerut
P0503,Priya Sharma 4142,31,9616756770,DL05AB3897,City Construction,Faridabad
P0504,Neha Patel 17628,53,9467197889,DL61AB8797,City Construction,Gurugram
P0505,Vivaan Patel 34524,43,9796954500,DL76AB1739,Metro Logistics,Meerut
P0506,Yash Pandey 76542,62,9056165565,DL08AB5001,Kumar Finance,Ghaziabad
P0507,Karan Bansal 11134,47,9141520850,DL59AB7921,Rapid Movers,Lucknow
P0508,Sahil Sharma 91221,42,9790569659,DL13AB9001,Sharma Trading,Ghaziabad
P0509,Neha Agarwal 87476,24,9529456371,DL69AB4507,North India Transport,Faridabad
P0510,Karan Bansal 52695,34,9391919541,DL73AB9700,Prime Associates,Jaipur
P0511,Aman Yadav 10049,32,9484685366,DL33AB9443,Prime Associates,Lucknow
P0512,Nikhil Sharma 82293,54,9829737489,DL99AB8106,Rapid Movers,Delhi
P0513,Amit Khan 60620,37,9232466513,DL53AB5373,North India Transport,Gurugram
P0514,Sneha Bansal 30951,33,9631230347,DL63AB8145,Global Solutions,Delhi
P0515,Rahul Gupta 17883,25,9044820700,DL11AB6143,Rapid Movers,Faridabad
P0516,Nikhil Patel 47637,26,9162319818,DL86AB9605,North India Transport,Chandigarh
P0517,Ravi Bansal 16028,47,9559636321,DL23AB4507,North India Transport,Chandigarh
P0518,Sahil Malhotra 77265,44,9078515867,DL88AB5036,North India Transport,Gurugram
P0519,Neha Pandey,64,9540900348,DL50AB6067,Independent,Meerut
P0520,Arjun Agarwal 30984,62,9760644134,DL27AB3625,Prime Associates,Meerut
P0521,Deepak Yadav,43,9041776561,DL21AB5275,City Construction,Noida
P0522,Deepak Bansal 95582,41,9857002720,DL52AB4278,Independent,Faridabad
P0523,Anjali Verma 14527,64,9238296577,DL95AB3187,North India Transport,Gurugram
P0524,Anjali Malhotra,56,9543165266,DL74AB4677,ABC Enterprises,Delhi
P0525,Divya Bansal 82134,44,9317342069,DL55AB5262,Metro Logistics,Noida
P0526,Rahul Bansal 15382,29,9086771333,DL35AB5717,Prime Associates,Jaipur
P0527,Deepak Malhotra 27081,49,9934362620,DL38AB5289,Kumar Finance,Agra
P0528,Abhishek Singh 48450,37,9971072563,DL92AB7283,Global Solutions,Agra
P0529,Aditya Verma,53,9800537599,DL91AB1745,ABC Enterprises,Faridabad
P0530,Kavya Patel,50,9465280924,DL22AB9253,Prime Associates,Meerut
P0531,Rohan Verma 41592,37,9862415027,DL36AB6907,Global Solutions,Faridabad
P0532,Kavya Malhotra 99820,30,9485625728,DL85AB8208,ABC Enterprises,Ghaziabad
P0533,Vivaan Singh 24005,50,9074276170,DL57AB6841,City Construction,Chandigarh
P0534,Neha Verma,54,9215134228,DL35AB4479,Rapid Movers,Delhi
P0535,Nisha Bansal,58,9261371504,DL88AB2998,Global Solutions,Meerut
P0536,Abhishek Verma 42407,49,9201777490,DL43AB1718,Independent,Agra
P0537,Vikram Pandey 96249,37,9923045018,DL78AB7248,Sharma Trading,Jaipur
P0538,Rahul Singh 52287,64,9103266421,DL39AB9042,Global Solutions,Faridabad
P0539,Kavya Kumar 47061,44,9158377674,DL73AB7931,Sharma Trading,Jaipur
P0540,Kavya Kumar 56900,50,9610857327,DL68AB9596,Sharma Trading,Faridabad
P0541,Deepak Verma,23,9742243864,DL73AB1781,City Construction,Noida
P0542,Pooja Verma 66933,63,9661794549,DL11AB9248,ABC Enterprises,Noida
P0543,Akash Kumar 23883,34,9601645977,DL80AB5342,Skyline Services,Gurugram
P0544,Rahul Verma 97915,50,9941680061,DL02AB3813,Independent,Chandigarh
P0545,Riya Patel 86209,28,9974995641,DL17AB3213,ABC Enterprises,Ghaziabad
P0546,Saurabh Sharma 91231,51,9303723683,DL12AB5930,Prime Associates,Gurugram
P0547,Deepak Sharma 15265,24,9227770793,DL26AB5830,Rapid Movers,Jaipur
P0548,Vikram Sharma,58,9166799840,DL63AB7548,Prime Associates,Lucknow
P0549,Shreya Bansal 88955,51,9730806958,DL09AB5388,Independent,Jaipur
P0550,Arjun Mehta,35,9957602437,DL45AB8178,Kumar Finance,Lucknow
P0551,Anjali Khanna,63,9597246657,DL21AB4394,North India Transport,Noida
P0552,Neha Kumar 22714,37,9329716743,DL27AB1770,ABC Enterprises,Meerut
P0553,Aman Chauhan 20789,42,9280156193,DL16AB4671,Prime Associates,Faridabad
P0554,Yash Khan 6118,60,9842891077,DL97AB2817,Sharma Trading,Agra
P0555,Yash Malhotra 13353,52,9808121352,DL94AB5786,Prime Associates,Lucknow
P0556,Shreya Malhotra 13015,53,9255213760,DL32AB8760,Skyline Services,Faridabad
P0557,Rahul Verma 34868,54,9565328632,DL55AB7773,Global Solutions,Chandigarh
P0558,Yash Chauhan 47419,46,9072081155,DL52AB3692,Global Solutions,Delhi
P0559,Nisha Sharma,38,9290846684,DL93AB6139,Skyline Services,Delhi
P0560,Nikhil Agarwal,33,9926738997,DL90AB6656,Independent,Jaipur
P0561,Nikhil Gupta 11047,54,9085628843,DL12AB9383,City Construction,Faridabad
P0562,Vikram Yadav 83321,37,9200894346,DL65AB2809,ABC Enterprises,Meerut
P0563,Divya Agarwal 46462,43,9101749075,DL31AB9737,Rapid Movers,Ghaziabad
P0564,Karan Gupta 87415,30,9926831589,DL25AB6919,Prime Associates,Noida
P0565,Riya Patel 54009,56,9110627371,DL48AB9622,Global Solutions,Agra
P0566,Pooja Yadav,50,9649767762,DL19AB9286,Metro Logistics,Chandigarh
P0567,Rohan Pandey 67265,44,9813770285,DL16AB7694,Sharma Trading,Noida
P0568,Anjali Gupta,58,9082154544,DL63AB1458,Metro Logistics,Gurugram
P0569,Deepak Sharma 39999,40,9432701851,DL06AB7841,Prime Associates,Agra
P0570,Anjali Mehta,26,9567922877,DL86AB8357,Metro Logistics,Meerut
P0571,Yash Bansal 87098,31,9966365807,DL95AB5544,Independent,Noida
P0572,Riya Sharma,33,9948181398,DL74AB1866,Rapid Movers,Lucknow
P0573,Nisha Mehta,59,9801820433,DL91AB8278,Sharma Trading,Lucknow
P0574,Vikram Patel 77188,28,9070562608,DL41AB7258,North India Transport,Noida
P0575,Arjun Agarwal 22041,24,9422412462,DL08AB6329,Metro Logistics,Delhi
P0576,Karan Patel 12943,53,9526546103,DL31AB4874,Prime Associates,Lucknow
P0577,Raj Verma 35297,56,9057861706,DL82AB4829,ABC Enterprises,Faridabad
P0578,Anjali Chauhan 13306,31,9382496718,DL27AB3332,Skyline Services,Lucknow
P0579,Yash Singh,51,9868700794,DL84AB3742,ABC Enterprises,Delhi
P0580,Sahil Bansal,40,9465398402,DL95AB9750,Rapid Movers,Noida
P0581,Aditya Patel 91545,49,9128463985,DL88AB6613,Independent,Faridabad
P0582,Sahil Singh 86806,64,9553795020,DL78AB8807,ABC Enterprises,Delhi
P0583,Rahul Patel,59,9876811807,DL87AB3022,Skyline Services,Jaipur
P0584,Aman Patel 23225,33,9017537030,DL98AB5606,Independent,Meerut
P0585,Aditya Malhotra 80406,28,9433750479,DL27AB1116,Kumar Finance,Jaipur
P0586,Manish Gupta 74594,37,9872839992,DL09AB3101,Sharma Trading,Gurugram
P0587,Abhishek Bansal 29880,41,9843089487,DL01AB7997,Independent,Delhi
P0588,Deepak Malhotra 53331,49,9418775803,DL07AB5553,Global Solutions,Lucknow
P0589,Vikram Sharma 51362,25,9351903613,DL26AB3694,Skyline Services,Faridabad
P0590,Divya Chauhan 12679,42,9076095431,DL61AB4905,Skyline Services,Delhi
P0591,Pooja Yadav 31031,65,9199717911,DL08AB1546,Global Solutions,Meerut
P0592,Aditya Yadav,39,9207049611,DL87AB1914,City Construction,Delhi
P0593,Manish Patel,60,9619639907,DL50AB8605,Global Solutions,Agra
P0594,Arjun Khan,57,9078593110,DL77AB2106,Rapid Movers,Ghaziabad
P0595,Rohan Chauhan,40,9845679723,DL18AB1722,ABC Enterprises,Gurugram
P0596,Anjali Patel 67257,54,9549822749,DL44AB5768,Skyline Services,Delhi
P0597,Anjali Chauhan 88907,33,9203880653,DL26AB4297,Sharma Trading,Meerut
P0598,Sneha Mehta 91067,23,9795995946,DL43AB3658,Sharma Trading,Chandigarh
P0599,Neha Singh 485,44,9337933756,DL27AB7558,Metro Logistics,Delhi
P0600,Aarav Verma 46909,39,9081247395,DL06AB1486,Kumar Finance,Ghaziabad
